{
  "k_values": [
    1,
    20,
    50,
    100,
    200,
    500
  ],
  "complete_merge_times": [
    0.0,
    0.0,
    0.0,
    0.0,
    0.0,
    0.0011768341064453125
  ],
  "iterator_times": [
    0.0,
    0.0,
    0.0,
    0.0,
    0.0010008811950683594,
    0.002006053924560547
  ],
  "heap_optimized_times": [
    0.0,
    0.0,
    0.0,
    0.0010247230529785156,
    0.0,
    0.0010013580322265625
  ],
  "num_lists": 20,
  "avg_list_size": 1000,
  "correctness_verified": true
}